fecha,apertura
01/03/2022 00:00,43221.71
28/02/2022 00:00,37717.1
27/02/2022 00:00,39146.66
26/02/2022 00:00,39242.64
25/02/2022 00:00,38360.93
24/02/2022 00:00,37253.26
23/02/2022 00:00,38269.94
22/02/2022 00:00,37036.98
21/02/2022 00:00,38384.09
20/02/2022 00:00,40108.62
19/02/2022 00:00,40008.75
18/02/2022 00:00,40532.66
17/02/2022 00:00,43901.49
16/02/2022 00:00,44590.75
15/02/2022 00:00,42567.27
14/02/2022 00:00,42078.53
13/02/2022 00:00,42232.68
12/02/2022 00:00,42392.22
11/02/2022 00:00,43540.15
10/02/2022 00:00,44426.24
09/02/2022 00:00,44106.95
08/02/2022 00:00,43895.6
07/02/2022 00:00,42420.24
06/02/2022 00:00,41422.7
05/02/2022 00:00,41608.82
04/02/2022 00:00,37330.75
03/02/2022 00:00,36924.5
02/02/2022 00:00,38768.08
01/02/2022 00:00,38483.56
31/01/2022 00:00,37914.1
30/01/2022 00:00,38176.45
29/01/2022 00:00,37713.14
28/01/2022 00:00,37179.62
27/01/2022 00:00,36824.02
26/01/2022 00:00,37006.76
25/01/2022 00:00,36721.59
24/01/2022 00:00,36262.21
23/01/2022 00:00,35084.79
22/01/2022 00:00,36447.37
21/01/2022 00:00,40654.72
20/01/2022 00:00,41733.21
19/01/2022 00:00,42378.23
18/01/2022 00:00,42230.09
17/01/2022 00:00,43099.08
16/01/2022 00:00,43084.77
15/01/2022 00:00,43085.76
14/01/2022 00:00,42579.44
13/01/2022 00:00,43935.01
12/01/2022 00:00,42754.44
11/01/2022 00:00,41842.22
10/01/2022 00:00,41853.98
09/01/2022 00:00,41697.32
08/01/2022 00:00,41576.73
07/01/2022 00:00,43093.4
06/01/2022 00:00,43417.31
05/01/2022 00:00,45828.77
04/01/2022 00:00,46464.01
03/01/2022 00:00,47290.55
02/01/2022 00:00,47745.25
01/01/2022 00:00,46230
31/12/2021 00:00,47110.3
30/12/2021 00:00,46474.59
29/12/2021 00:00,47597.7
28/12/2021 00:00,50708.05
27/12/2021 00:00,50885.32
26/12/2021 00:00,50421.51
25/12/2021 00:00,50857.42
24/12/2021 00:00,50850
23/12/2021 00:00,48618.99
22/12/2021 00:00,48907.75
21/12/2021 00:00,46926.72
20/12/2021 00:00,46671.66
19/12/2021 00:00,46854.18
18/12/2021 00:00,46141.63
17/12/2021 00:00,47654.99
16/12/2021 00:00,48876.84
15/12/2021 00:00,48386.95
14/12/2021 00:00,46736.7
13/12/2021 00:00,50102.31
12/12/2021 00:00,49420.51
11/12/2021 00:00,47179.53
10/12/2021 00:00,47573.43
09/12/2021 00:00,50535.15
08/12/2021 00:00,50635.87
07/12/2021 00:00,50550.09
06/12/2021 00:00,49484
05/12/2021 00:00,49240.81
04/12/2021 00:00,53685.47
03/12/2021 00:00,56534.26
02/12/2021 00:00,57232.71
01/12/2021 00:00,57027.28
30/11/2021 00:00,57843.33
29/11/2021 00:00,57327.32
28/11/2021 00:00,54764.24
27/11/2021 00:00,53794.32
26/11/2021 00:00,59004.88
25/11/2021 00:00,57169.19
24/11/2021 00:00,57583.91
23/11/2021 00:00,56283.8
22/11/2021 00:00,58679.27
21/11/2021 00:00,59785.85
20/11/2021 00:00,58126.46
19/11/2021 00:00,56924.94
18/11/2021 00:00,60376.94
17/11/2021 00:00,60115.12
16/11/2021 00:00,63621.61
15/11/2021 00:00,65509.87
14/11/2021 00:00,64403.43
13/11/2021 00:00,64140.23
12/11/2021 00:00,64783.13
11/11/2021 00:00,64919.18
10/11/2021 00:00,66928.42
09/11/2021 00:00,67547.49
08/11/2021 00:00,63300
07/11/2021 00:00,61542.43
06/11/2021 00:00,61008.19
05/11/2021 00:00,61430.02
04/11/2021 00:00,62945.38
03/11/2021 00:00,63260
02/11/2021 00:00,60949.78
01/11/2021 00:00,61356.57
31/10/2021 00:00,61904.96
30/10/2021 00:00,62278.92
29/10/2021 00:00,60608.95
28/10/2021 00:00,58471.06
27/10/2021 00:00,60331.4
26/10/2021 00:00,63101.43
25/10/2021 00:00,60883.96
24/10/2021 00:00,61306.64
23/10/2021 00:00,60698.54
22/10/2021 00:00,62207.51
21/10/2021 00:00,66027.81
20/10/2021 00:00,64282.2
19/10/2021 00:00,62014.99
18/10/2021 00:00,61519.52
17/10/2021 00:00,60885.27
16/10/2021 00:00,61703.45
15/10/2021 00:00,57370.48
14/10/2021 00:00,57395.84
13/10/2021 00:00,56004.61
12/10/2021 00:00,57490
11/10/2021 00:00,54657
10/10/2021 00:00,54984.49
09/10/2021 00:00,53952.82
08/10/2021 00:00,53816.16
07/10/2021 00:00,55360.1
06/10/2021 00:00,51521.89
05/10/2021 00:00,49283.89
04/10/2021 00:00,48231.04
03/10/2021 00:00,47644.63
02/10/2021 00:00,48185.61
01/10/2021 00:00,43835.47
30/09/2021 00:00,41537.56
29/09/2021 00:00,41024.21
28/09/2021 00:00,42154.87
27/09/2021 00:00,43162.82
26/09/2021 00:00,42699.1
25/09/2021 00:00,42835.88
24/09/2021 00:00,44893.7
23/09/2021 00:00,43586
22/09/2021 00:00,40702.07
21/09/2021 00:00,43003.07
20/09/2021 00:00,47257.86
19/09/2021 00:00,48307.05
18/09/2021 00:00,47316.21
17/09/2021 00:00,47773.44
16/09/2021 00:00,48188.12
15/09/2021 00:00,47123.81
14/09/2021 00:00,44983.77
13/09/2021 00:00,46039.42
12/09/2021 00:00,45162.96
11/09/2021 00:00,44858.2
10/09/2021 00:00,46368.11
09/09/2021 00:00,46070.43
08/09/2021 00:00,46894.3
07/09/2021 00:00,52719.43
06/09/2021 00:00,51809.28
05/09/2021 00:00,49965.32
04/09/2021 00:00,50033.5
03/09/2021 00:00,49284.93
02/09/2021 00:00,48830.93
01/09/2021 00:00,47118.02
31/08/2021 00:00,46969.05
30/08/2021 00:00,48782.56
29/08/2021 00:00,48947.1
28/08/2021 00:00,49100.49
27/08/2021 00:00,46857.86
26/08/2021 00:00,49022.39
25/08/2021 00:00,47670.8
24/08/2021 00:00,49516.08
23/08/2021 00:00,49296.71
22/08/2021 00:00,48883.84
21/08/2021 00:00,49332.31
20/08/2021 00:00,46759.29
19/08/2021 00:00,44734.16
18/08/2021 00:00,44631.47
17/08/2021 00:00,45930.48
16/08/2021 00:00,47024.96
15/08/2021 00:00,47130.97
14/08/2021 00:00,47855
13/08/2021 00:00,44413.35
12/08/2021 00:00,45536.8
11/08/2021 00:00,45596.21
10/08/2021 00:00,46282.3
09/08/2021 00:00,43836.05
08/08/2021 00:00,44624.4
07/08/2021 00:00,42857.09
06/08/2021 00:00,40893.77
05/08/2021 00:00,39742.77
04/08/2021 00:00,38173.75
03/08/2021 00:00,39157.52
02/08/2021 00:00,39875.2
01/08/2021 00:00,41489.16
31/07/2021 00:00,42236.72
30/07/2021 00:00,40045.21
29/07/2021 00:00,40024.8
28/07/2021 00:00,39446.94
27/07/2021 00:00,37271.44
26/07/2021 00:00,35438.93
25/07/2021 00:00,34301.86
24/07/2021 00:00,33685
23/07/2021 00:00,32306.98
22/07/2021 00:00,32115.82
21/07/2021 00:00,29792.99
20/07/2021 00:00,30822.08
19/07/2021 00:00,31794.49
18/07/2021 00:00,31509.33
17/07/2021 00:00,31376.3
16/07/2021 00:00,31885.7
15/07/2021 00:00,32818.68
14/07/2021 00:00,32737.56
13/07/2021 00:00,33091.53
12/07/2021 00:00,34266.84
11/07/2021 00:00,33521.48
10/07/2021 00:00,33830.73
09/07/2021 00:00,32892.94
08/07/2021 00:00,33858.33
07/07/2021 00:00,34231.95
06/07/2021 00:00,33730.76
05/07/2021 00:00,35255
04/07/2021 00:00,34672.08
03/07/2021 00:00,33810.46
02/07/2021 00:00,33537.11
01/07/2021 00:00,35059.71
30/06/2021 00:00,35900.05
29/06/2021 00:00,34494.42
28/06/2021 00:00,34716.02
27/06/2021 00:00,32293.98
26/06/2021 00:00,31595.95
25/06/2021 00:00,34652.68
24/06/2021 00:00,33693.99
23/06/2021 00:00,32547.57
22/06/2021 00:00,31628.83
21/06/2021 00:00,35598.66
20/06/2021 00:00,35494.7
19/06/2021 00:00,35849.18
18/06/2021 00:00,38110.25
17/06/2021 00:00,38361.38
16/06/2021 00:00,40166.93
15/06/2021 00:00,40544.19
14/06/2021 00:00,39035.52
13/06/2021 00:00,35563.66
12/06/2021 00:00,37338.91
11/06/2021 00:00,36724.97
10/06/2021 00:00,37414.64
09/06/2021 00:00,33413.19
08/06/2021 00:00,33567.51
07/06/2021 00:00,35810.69
06/06/2021 00:00,35532.59
05/06/2021 00:00,36851.58
04/06/2021 00:00,39242.94
03/06/2021 00:00,37585.12
02/06/2021 00:00,36693.3
01/06/2021 00:00,37279.89
31/05/2021 00:00,35675.3
30/05/2021 00:00,34644.09
29/05/2021 00:00,35691.36
28/05/2021 00:00,38578.5
27/05/2021 00:00,39299.46
26/05/2021 00:00,38385.87
25/05/2021 00:00,38848.36
24/05/2021 00:00,34735.35
23/05/2021 00:00,37474.34
22/05/2021 00:00,37318.43
21/05/2021 00:00,40566.13
20/05/2021 00:00,36793.39
19/05/2021 00:00,42900.85
18/05/2021 00:00,43581.27
17/05/2021 00:00,46446.42
16/05/2021 00:00,46753.4
15/05/2021 00:00,49883.89
14/05/2021 00:00,49711.64
13/05/2021 00:00,49419.44
12/05/2021 00:00,56763.7
11/05/2021 00:00,55854.43
10/05/2021 00:00,58336.16
09/05/2021 00:00,58964.89
08/05/2021 00:00,57371.02
07/05/2021 00:00,56425.82
06/05/2021 00:00,57517.08
05/05/2021 00:00,53221.75
04/05/2021 00:00,57227.64
03/05/2021 00:00,56599.91
02/05/2021 00:00,57893.01
01/05/2021 00:00,57790.66
30/04/2021 00:00,53585.93
29/04/2021 00:00,54898.45
28/04/2021 00:00,55094.73
27/04/2021 00:00,54015.32
26/04/2021 00:00,49122.75
25/04/2021 00:00,50126.34
24/04/2021 00:00,51177.77
23/04/2021 00:00,51693.98
22/04/2021 00:00,53823.48
21/04/2021 00:00,56493.02
20/04/2021 00:00,55694.55
19/04/2021 00:00,56260.83
18/04/2021 00:00,60048.82
17/04/2021 00:00,61436.23
16/04/2021 00:00,63247.24
15/04/2021 00:00,62954.2
14/04/2021 00:00,63605.69
13/04/2021 00:00,59814.87
12/04/2021 00:00,59972.26
11/04/2021 00:00,59773.19
10/04/2021 00:00,58129.02
09/04/2021 00:00,58066.18
08/04/2021 00:00,55912.38
07/04/2021 00:00,58024.9
06/04/2021 00:00,59135.36
05/04/2021 00:00,58213.69
04/04/2021 00:00,57064.13
03/04/2021 00:00,58967.61
02/04/2021 00:00,58744
01/04/2021 00:00,58789.96
31/03/2021 00:00,58767.75
30/03/2021 00:00,57623.66
29/03/2021 00:00,55790.28
28/03/2021 00:00,55817.85
27/03/2021 00:00,55081.26
26/03/2021 00:00,51292.65
25/03/2021 00:00,52281.77
24/03/2021 00:00,54360.07
23/03/2021 00:00,54117.71
22/03/2021 00:00,57410.54
21/03/2021 00:00,58072.87
20/03/2021 00:00,58029.94
19/03/2021 00:00,57648.01
18/03/2021 00:00,58939.73
17/03/2021 00:00,56928.38
16/03/2021 00:00,55616.42
15/03/2021 00:00,58956.9
14/03/2021 00:00,61177.03
13/03/2021 00:00,57297.67
12/03/2021 00:00,57847.92
11/03/2021 00:00,55918.09
10/03/2021 00:00,54927.29
09/03/2021 00:00,52427.8
08/03/2021 00:00,50952.55
07/03/2021 00:00,48933.12
06/03/2021 00:00,48774.67
05/03/2021 00:00,48353.09
04/03/2021 00:00,50376.05
03/03/2021 00:00,48438
02/03/2021 00:00,49641.89
01/03/2021 00:00,45261.56
28/02/2021 00:00,46142.1
27/02/2021 00:00,46324.15
26/02/2021 00:00,47070.18
25/02/2021 00:00,49715.13
24/02/2021 00:00,48927.33
23/02/2021 00:00,54173.64
22/02/2021 00:00,57485.74
21/02/2021 00:00,55919.75
20/02/2021 00:00,56000.59
19/02/2021 00:00,51560.46
18/02/2021 00:00,52141.23
17/02/2021 00:00,49136.7
16/02/2021 00:00,47954.05
15/02/2021 00:00,48620.48
14/02/2021 00:00,47258.66
13/02/2021 00:00,47424.25
12/02/2021 00:00,48044.88
11/02/2021 00:00,44854.63
10/02/2021 00:00,46493.9
09/02/2021 00:00,46445.51
08/02/2021 00:00,38870.36
07/02/2021 00:00,39274.8
06/02/2021 00:00,38320
05/02/2021 00:00,36984.28
04/02/2021 00:00,37693
03/02/2021 00:00,35496.91
02/02/2021 00:00,33497.16
01/02/2021 00:00,33110.32
31/01/2021 00:00,34300.19
30/01/2021 00:00,34265.71
29/01/2021 00:00,33488.66
28/01/2021 00:00,30427.34
27/01/2021 00:00,32521.65
26/01/2021 00:00,32264.15
25/01/2021 00:00,32289.06
24/01/2021 00:00,32098.38
23/01/2021 00:00,32989.1
22/01/2021 00:00,30817.86
21/01/2021 00:00,35516.17
20/01/2021 00:00,35888.13
19/01/2021 00:00,36665.82
18/01/2021 00:00,35826.36
17/01/2021 00:00,36013.51
16/01/2021 00:00,36778.66
15/01/2021 00:00,39147.98
14/01/2021 00:00,37393.49
13/01/2021 00:00,34035.02
12/01/2021 00:00,35449.71
11/01/2021 00:00,38164.88
10/01/2021 00:00,40239.06
09/01/2021 00:00,40682.76
08/01/2021 00:00,39510.59
07/01/2021 00:00,36875.96
06/01/2021 00:00,34081.24
05/01/2021 00:00,32054.23
04/01/2021 00:00,33068.83
03/01/2021 00:00,32216.51
02/01/2021 00:00,29410.77
01/01/2021 00:00,28999.63
31/12/2020 00:00,28893.21
30/12/2020 00:00,27370
29/12/2020 00:00,27037.9
28/12/2020 00:00,26242.82
27/12/2020 00:00,26472.89
26/12/2020 00:00,24714.01
25/12/2020 00:00,23747.22
24/12/2020 00:00,23215
23/12/2020 00:00,23819.08
22/12/2020 00:00,22750.07
21/12/2020 00:00,23470.85
20/12/2020 00:00,23842.38
19/12/2020 00:00,23142.05
18/12/2020 00:00,22829.89
17/12/2020 00:00,21358.96
16/12/2020 00:00,19434.55
15/12/2020 00:00,19274.33
14/12/2020 00:00,19151.82
13/12/2020 00:00,18806.83
12/12/2020 00:00,18031.23
11/12/2020 00:00,18250.3
10/12/2020 00:00,18546.38
09/12/2020 00:00,18311.31
08/12/2020 00:00,19183.13
07/12/2020 00:00,19385.13
06/12/2020 00:00,19162.17
05/12/2020 00:00,18650.08
04/12/2020 00:00,19439.94
03/12/2020 00:00,19220.09
02/12/2020 00:00,18773.21
01/12/2020 00:00,19703.53
30/11/2020 00:00,18196.75
29/11/2020 00:00,17724.41
28/11/2020 00:00,17160.38
27/11/2020 00:00,17168.31
26/11/2020 00:00,18727.24
25/11/2020 00:00,19175.13
24/11/2020 00:00,18386.92
23/11/2020 00:00,18432.6
22/11/2020 00:00,18726.43
21/11/2020 00:00,18685.08
20/11/2020 00:00,17822.37
19/11/2020 00:00,17792.96
18/11/2020 00:00,17681.77
17/11/2020 00:00,16727.85
16/11/2020 00:00,15975.49
15/11/2020 00:00,16092.8
14/11/2020 00:00,16339.06
13/11/2020 00:00,16300
12/11/2020 00:00,15702
11/11/2020 00:00,15314.94
10/11/2020 00:00,15349.32
09/11/2020 00:00,15484.68
08/11/2020 00:00,14829.32
07/11/2020 00:00,15603.28
06/11/2020 00:00,15608.32
05/11/2020 00:00,14168.49
04/11/2020 00:00,14041.58
03/11/2020 00:00,13578.82
02/11/2020 00:00,13762
01/11/2020 00:00,13799.44
31/10/2020 00:00,13569.42
30/10/2020 00:00,13456.14
29/10/2020 00:00,13275.82
28/10/2020 00:00,13642.31
27/10/2020 00:00,13065.1
26/10/2020 00:00,13041.12
25/10/2020 00:00,13115.18
24/10/2020 00:00,12940.03
23/10/2020 00:00,12983.26
22/10/2020 00:00,12802.63
21/10/2020 00:00,11921.33
20/10/2020 00:00,11759.2
19/10/2020 00:00,11518.58
18/10/2020 00:00,11363.4
17/10/2020 00:00,11331.88
16/10/2020 00:00,11506.53
15/10/2020 00:00,11430.49
14/10/2020 00:00,11440.28
13/10/2020 00:00,11539.42
12/10/2020 00:00,11372.48
11/10/2020 00:00,11300.97
10/10/2020 00:00,11060.46
09/10/2020 00:00,10927.02
08/10/2020 00:00,10669.1
07/10/2020 00:00,10602.31
06/10/2020 00:00,10797.36
05/10/2020 00:00,10666.16
04/10/2020 00:00,10543.17
03/10/2020 00:00,10571.6
02/10/2020 00:00,10611.17
01/10/2020 00:00,10780.83
30/09/2020 00:00,10840
29/09/2020 00:00,10681.41
28/09/2020 00:00,10779.99
27/09/2020 00:00,10731.09
26/09/2020 00:00,10694.23
25/09/2020 00:00,10738.46
24/09/2020 00:00,10236.86
23/09/2020 00:00,10525.72
22/09/2020 00:00,10418.83
21/09/2020 00:00,10921.53
20/09/2020 00:00,11070.84
19/09/2020 00:00,10935.49
18/09/2020 00:00,10947.35
17/09/2020 00:00,10950.15
16/09/2020 00:00,10785
15/09/2020 00:00,10671.4
14/09/2020 00:00,10338.82
13/09/2020 00:00,10446.4
12/09/2020 00:00,10400.46
11/09/2020 00:00,10341.38
10/09/2020 00:00,10221.76
09/09/2020 00:00,10126.01
08/09/2020 00:00,10377.5
07/09/2020 00:00,10258.43
06/09/2020 00:00,10165.47
05/09/2020 00:00,10460.2
04/09/2020 00:00,10160
03/09/2020 00:00,11395.1
02/09/2020 00:00,11919.53
01/09/2020 00:00,11658.48
31/08/2020 00:00,11713.11
30/08/2020 00:00,11471.71
29/08/2020 00:00,11538.74
28/08/2020 00:00,11332.26
27/08/2020 00:00,11462.91
26/08/2020 00:00,11328.5
25/08/2020 00:00,11750.4
24/08/2020 00:00,11653.7
23/08/2020 00:00,11678.17
22/08/2020 00:00,11527.81
21/08/2020 00:00,11857.18
20/08/2020 00:00,11762.18
19/08/2020 00:00,11950
18/08/2020 00:00,12301.27
17/08/2020 00:00,11916.83
16/08/2020 00:00,11858.6
15/08/2020 00:00,11771.97
14/08/2020 00:00,11797.55
13/08/2020 00:00,11567.74
12/08/2020 00:00,11386.5
11/08/2020 00:00,11896.37
10/08/2020 00:00,11684.6
09/08/2020 00:00,11767.93
08/08/2020 00:00,11601.75
07/08/2020 00:00,11770.26
06/08/2020 00:00,11759.9
05/08/2020 00:00,11193.48
04/08/2020 00:00,11236.39
03/08/2020 00:00,11074.92
02/08/2020 00:00,11808.21
01/08/2020 00:00,11357.98
31/07/2020 00:00,11110.84
30/07/2020 00:00,11105.01
29/07/2020 00:00,10931.91
28/07/2020 00:00,11049.4
27/07/2020 00:00,9941.25
26/07/2020 00:00,9712.45
25/07/2020 00:00,9549.34
24/07/2020 00:00,9614.85
23/07/2020 00:00,9537.23
22/07/2020 00:00,9395.98
21/07/2020 00:00,9161.77
20/07/2020 00:00,9213.15
19/07/2020 00:00,9175.7
18/07/2020 00:00,9150.51
17/07/2020 00:00,9134.44
16/07/2020 00:00,9191
15/07/2020 00:00,9256.33
14/07/2020 00:00,9234.19
13/07/2020 00:00,9304.94
12/07/2020 00:00,9234.07
11/07/2020 00:00,9291
10/07/2020 00:00,9234.91
09/07/2020 00:00,9441.76
08/07/2020 00:00,9257.21
07/07/2020 00:00,9346.9
06/07/2020 00:00,9077.18
05/07/2020 00:00,9142.16
04/07/2020 00:00,9053.87
03/07/2020 00:00,9091.68
02/07/2020 00:00,9230.97
01/07/2020 00:00,9136.89
30/06/2020 00:00,9187.85
29/06/2020 00:00,9118.8
28/06/2020 00:00,9008.33
27/06/2020 00:00,9158.13
26/06/2020 00:00,9237.98
25/06/2020 00:00,9286.3
24/06/2020 00:00,9617.88
23/06/2020 00:00,9688.26
22/06/2020 00:00,9287.89
21/06/2020 00:00,9355.93
20/06/2020 00:00,9287.6
19/06/2020 00:00,9374.83
18/06/2020 00:00,9459.82
17/06/2020 00:00,9530.62
16/06/2020 00:00,9435.41
15/06/2020 00:00,9329.99
14/06/2020 00:00,9478.93
13/06/2020 00:00,9465.92
12/06/2020 00:00,9265.95
11/06/2020 00:00,9894.32
10/06/2020 00:00,9782.3
09/06/2020 00:00,9786.64
08/06/2020 00:00,9759.04
07/06/2020 00:00,9673.08
06/06/2020 00:00,9616.17
05/06/2020 00:00,9791
04/06/2020 00:00,9668
03/06/2020 00:00,9522.52
02/06/2020 00:00,10203.64
01/06/2020 00:00,9444.61
31/05/2020 00:00,9705.1
30/05/2020 00:00,9428.52
29/05/2020 00:00,9581.49
28/05/2020 00:00,9209.99
27/05/2020 00:00,8835.79
26/05/2020 00:00,8903.22
25/05/2020 00:00,8710.12
24/05/2020 00:00,9183.93
23/05/2020 00:00,9171.96
22/05/2020 00:00,9062.25
21/05/2020 00:00,9505.61
20/05/2020 00:00,9776.3
19/05/2020 00:00,9730
18/05/2020 00:00,9672.95
17/05/2020 00:00,9377.79
16/05/2020 00:00,9307.43
15/05/2020 00:00,9809.91
14/05/2020 00:00,9323.73
13/05/2020 00:00,8816.99
12/05/2020 00:00,8574.19
11/05/2020 00:00,8740.88
10/05/2020 00:00,9527.31
09/05/2020 00:00,9809.04
08/05/2020 00:00,10008.19
07/05/2020 00:00,9163.63
06/05/2020 00:00,9040
05/05/2020 00:00,8889.24
04/05/2020 00:00,8924.14
03/05/2020 00:00,8982.56
02/05/2020 00:00,8836
01/05/2020 00:00,8629.72
30/04/2020 00:00,8789.79
29/04/2020 00:00,7762.07
28/04/2020 00:00,7794.22
27/04/2020 00:00,7708.87
26/04/2020 00:00,7565
25/04/2020 00:00,7518.81
24/04/2020 00:00,7494.2
23/04/2020 00:00,7138.29
22/04/2020 00:00,6850.6
21/04/2020 00:00,6833
20/04/2020 00:00,7124.27
19/04/2020 00:00,7265.94
18/04/2020 00:00,7020.13
17/04/2020 00:00,7121.35
16/04/2020 00:00,6619
15/04/2020 00:00,6868.88
14/04/2020 00:00,6864.66
13/04/2020 00:00,6908.21
12/04/2020 00:00,6882.75
11/04/2020 00:00,6866.03
10/04/2020 00:00,7299.12
09/04/2020 00:00,7370.85
08/04/2020 00:00,7204.78
07/04/2020 00:00,7335.85
06/04/2020 00:00,6780.57
05/04/2020 00:00,6887.22
04/04/2020 00:00,6737.36
03/04/2020 00:00,6789.63
02/04/2020 00:00,6669.95
01/04/2020 00:00,6428.74
31/03/2020 00:00,6408.95
30/03/2020 00:00,5878.47
29/03/2020 00:00,6275.11
28/03/2020 00:00,6376.03
27/03/2020 00:00,6765.15
26/03/2020 00:00,6695.47
25/03/2020 00:00,6768.64
24/03/2020 00:00,6494.7
23/03/2020 00:00,5816.57
22/03/2020 00:00,6199.17
21/03/2020 00:00,6207.66
20/03/2020 00:00,6192.94
19/03/2020 00:00,5413
18/03/2020 00:00,5340.95
17/03/2020 00:00,5051.41
16/03/2020 00:00,5353.04
15/03/2020 00:00,5167.38
14/03/2020 00:00,5623.16
13/03/2020 00:00,4841.67
12/03/2020 00:00,7956.29
11/03/2020 00:00,7893.63
10/03/2020 00:00,7937.2
09/03/2020 00:00,8035.79
08/03/2020 00:00,8901.12
07/03/2020 00:00,9154.1
06/03/2020 00:00,9059
05/03/2020 00:00,8757.79
04/03/2020 00:00,8755.45
03/03/2020 00:00,8917.34
02/03/2020 00:00,8516
01/03/2020 00:00,8525
29/02/2020 00:00,8710
28/02/2020 00:00,8816.5
27/02/2020 00:00,8778.37
26/02/2020 00:00,9305.4
25/02/2020 00:00,9664.87
24/02/2020 00:00,9969.79
23/02/2020 00:00,9664.08
22/02/2020 00:00,9696.13
21/02/2020 00:00,9610.4
20/02/2020 00:00,9589.1
19/02/2020 00:00,10190.3
18/02/2020 00:00,9725.57
17/02/2020 00:00,9925.96
16/02/2020 00:00,9909.71
15/02/2020 00:00,10364.04
14/02/2020 00:00,10229.19
13/02/2020 00:00,10348.78
12/02/2020 00:00,10270.98
11/02/2020 00:00,9851.99
10/02/2020 00:00,10173.51
09/02/2020 00:00,9907.7
08/02/2020 00:00,9803.71
07/02/2020 00:00,9754.63
06/02/2020 00:00,9617.84
05/02/2020 00:00,9168.49
04/02/2020 00:00,9281
03/02/2020 00:00,9309.69
02/02/2020 00:00,9379.6
01/02/2020 00:00,9339.26
31/01/2020 00:00,9510.84
30/01/2020 00:00,9280.83
29/01/2020 00:00,9386.57
28/01/2020 00:00,8894.57
27/01/2020 00:00,8600
26/01/2020 00:00,8320
25/01/2020 00:00,8435.83
24/01/2020 00:00,8382.08
23/01/2020 00:00,8661.63
22/01/2020 00:00,8728.47
21/01/2020 00:00,8629.66
20/01/2020 00:00,8698.97
19/01/2020 00:00,8901.02
18/01/2020 00:00,8898.03
17/01/2020 00:00,8715.39
16/01/2020 00:00,8810.62
15/01/2020 00:00,8813.2
14/01/2020 00:00,8105.01
13/01/2020 00:00,8180.75
12/01/2020 00:00,8008.1
11/01/2020 00:00,8200
10/01/2020 00:00,7812.7
09/01/2020 00:00,8048.94
08/01/2020 00:00,8151.79
07/01/2020 00:00,7768.17
06/01/2020 00:00,7352.12
05/01/2020 00:00,7356.05
04/01/2020 00:00,7332.58
03/01/2020 00:00,6945.7
02/01/2020 00:00,7174.7
01/01/2020 00:00,7160.69
31/12/2019 00:00,7222.74
30/12/2019 00:00,7372.79
29/12/2019 00:00,7297.43
28/12/2019 00:00,7247.7
27/12/2019 00:00,7195.17
26/12/2019 00:00,7195.8
25/12/2019 00:00,7247.45
24/12/2019 00:00,7317.47
23/12/2019 00:00,7521.88
22/12/2019 00:00,7147.4
21/12/2019 00:00,7194.13
20/12/2019 00:00,7157.53
19/12/2019 00:00,7286.91
18/12/2019 00:00,6619.53
17/12/2019 00:00,6882.08
16/12/2019 00:00,7115.08
15/12/2019 00:00,7066.35
14/12/2019 00:00,7255.94
13/12/2019 00:00,7185.15
12/12/2019 00:00,7208.95
11/12/2019 00:00,7224.5
10/12/2019 00:00,7332.05
09/12/2019 00:00,7516.8
08/12/2019 00:00,7505.86
07/12/2019 00:00,7535.46
06/12/2019 00:00,7397.35
05/12/2019 00:00,7199.58
04/12/2019 00:00,7299.2
03/12/2019 00:00,7317.94
02/12/2019 00:00,7411.75
01/12/2019 00:00,7560.2
30/11/2019 00:00,7753.69
29/11/2019 00:00,7429.32
28/11/2019 00:00,7517.82
27/11/2019 00:00,7168.74
26/11/2019 00:00,7127.12
25/11/2019 00:00,6900.9
24/11/2019 00:00,7330.98
23/11/2019 00:00,7276.21
22/11/2019 00:00,7612.23
21/11/2019 00:00,8085.54
20/11/2019 00:00,8124.08
19/11/2019 00:00,8176.9
18/11/2019 00:00,8499.53
17/11/2019 00:00,8485.61
16/11/2019 00:00,8459.38
15/11/2019 00:00,8632.07
14/11/2019 00:00,8765.53
13/11/2019 00:00,8817
12/11/2019 00:00,8720.36
11/11/2019 00:00,9029.88
10/11/2019 00:00,8806.85
09/11/2019 00:00,8760.38
08/11/2019 00:00,9209.3
07/11/2019 00:00,9346.02
06/11/2019 00:00,9319.1
05/11/2019 00:00,9410.76
04/11/2019 00:00,9207
03/11/2019 00:00,9304.75
02/11/2019 00:00,9250.7
01/11/2019 00:00,9158.08
31/10/2019 00:00,9169.55
30/10/2019 00:00,9426.94
29/10/2019 00:00,9216.39
28/10/2019 00:00,9547.32
27/10/2019 00:00,9262.72
26/10/2019 00:00,8677.09
25/10/2019 00:00,7427
24/10/2019 00:00,7470.77
23/10/2019 00:00,8021.57
22/10/2019 00:00,8206.53
21/10/2019 00:00,8236.49
20/10/2019 00:00,7965.39
19/10/2019 00:00,7950.48
18/10/2019 00:00,8069.26
17/10/2019 00:00,7995.73
16/10/2019 00:00,8162.45
15/10/2019 00:00,8353.33
14/10/2019 00:00,8278.39
13/10/2019 00:00,8303.43
12/10/2019 00:00,8265.16
11/10/2019 00:00,8589.08
10/10/2019 00:00,8586.57
09/10/2019 00:00,8185.85
08/10/2019 00:00,8211.04
07/10/2019 00:00,7863.75
06/10/2019 00:00,8150.73
05/10/2019 00:00,8157.89
04/10/2019 00:00,8243.39
03/10/2019 00:00,8377.68
02/10/2019 00:00,8326.41
01/10/2019 00:00,8304.47
30/09/2019 00:00,8060.13
29/09/2019 00:00,8218.07
28/09/2019 00:00,8199.96
27/09/2019 00:00,8055.25
26/09/2019 00:00,8443.44
25/09/2019 00:00,8536.71
24/09/2019 00:00,9685.69
23/09/2019 00:00,10022.38
22/09/2019 00:00,9973
21/09/2019 00:00,10169.02
20/09/2019 00:00,10284.72
19/09/2019 00:00,10161.59
18/09/2019 00:00,10182.96
17/09/2019 00:00,10257.2
16/09/2019 00:00,10320.36
15/09/2019 00:00,10362.52
14/09/2019 00:00,10365.81
13/09/2019 00:00,10423.99
12/09/2019 00:00,10163.81
11/09/2019 00:00,10093.39
10/09/2019 00:00,10317.62
09/09/2019 00:00,10387.33
08/09/2019 00:00,10497.57
07/09/2019 00:00,10309.04
06/09/2019 00:00,10573.04
05/09/2019 00:00,10586.26
04/09/2019 00:00,10617.72
03/09/2019 00:00,10384.07
02/09/2019 00:00,9767.56
01/09/2019 00:00,9593.5
31/08/2019 00:00,9569.3
30/08/2019 00:00,9490.56
29/08/2019 00:00,9720.2
28/08/2019 00:00,10171.39
27/08/2019 00:00,10355.11
26/08/2019 00:00,10136.75
25/08/2019 00:00,10149.38
24/08/2019 00:00,10401.87
23/08/2019 00:00,10112.45
22/08/2019 00:00,10123.56
21/08/2019 00:00,10778.75
20/08/2019 00:00,10927.3
19/08/2019 00:00,10318.99
18/08/2019 00:00,10221.94
17/08/2019 00:00,10351.18
16/08/2019 00:00,10294.9
15/08/2019 00:00,10022.5
14/08/2019 00:00,10862.25
13/08/2019 00:00,11380.61
12/08/2019 00:00,11527.44
11/08/2019 00:00,11273.03
10/08/2019 00:00,11859.32
09/08/2019 00:00,11985.6
08/08/2019 00:00,11973.46
07/08/2019 00:00,11471.58
06/08/2019 00:00,11800
05/08/2019 00:00,10986.55
04/08/2019 00:00,10812.58
03/08/2019 00:00,10529.51
02/08/2019 00:00,10416.79
01/08/2019 00:00,10096.01
31/07/2019 00:00,9592.26
30/07/2019 00:00,9508.21
29/07/2019 00:00,9538.73
28/07/2019 00:00,9467.84
27/07/2019 00:00,9846.94
26/07/2019 00:00,9886.08
25/07/2019 00:00,9781.52
24/07/2019 00:00,9841.42
23/07/2019 00:00,10315.87
22/07/2019 00:00,10605.03
21/07/2019 00:00,10757.15
20/07/2019 00:00,10533.71
19/07/2019 00:00,10638.44
18/07/2019 00:00,9712.15
17/07/2019 00:00,9427.45
16/07/2019 00:00,10848.27
15/07/2019 00:00,10191.87
14/07/2019 00:00,11382.03
13/07/2019 00:00,11811.08
12/07/2019 00:00,11352.74
11/07/2019 00:00,12101.44
10/07/2019 00:00,12574.88
09/07/2019 00:00,12299.94
08/07/2019 00:00,11478.43
07/07/2019 00:00,11233.21
06/07/2019 00:00,10996.82
05/07/2019 00:00,11144.82
04/07/2019 00:00,11970
03/07/2019 00:00,10830.1
02/07/2019 00:00,10581.78
01/07/2019 00:00,10759.24
30/06/2019 00:00,11867.35
29/06/2019 00:00,12354.45
28/06/2019 00:00,11153.73
27/06/2019 00:00,12927.44
26/06/2019 00:00,11760
25/06/2019 00:00,11030
24/06/2019 00:00,10827.23
23/06/2019 00:00,10665.66
22/06/2019 00:00,10222.13
21/06/2019 00:00,9534.99
20/06/2019 00:00,9280.17
19/06/2019 00:00,9076.51
18/06/2019 00:00,9333.48
17/06/2019 00:00,8973.02
16/06/2019 00:00,8857.19
15/06/2019 00:00,8694.74
14/06/2019 00:00,8235.44
13/06/2019 00:00,8171.12
12/06/2019 00:00,7915.7
11/06/2019 00:00,8017.99
10/06/2019 00:00,7629.98
09/06/2019 00:00,7933.17
08/06/2019 00:00,8002.68
07/06/2019 00:00,7801.97
06/06/2019 00:00,7784.62
05/06/2019 00:00,7673.41
04/06/2019 00:00,8103.63
03/06/2019 00:00,8735.84
02/06/2019 00:00,8560.1
01/06/2019 00:00,8545.8
31/05/2019 00:00,8277.76
30/05/2019 00:00,8663.07
29/05/2019 00:00,8715.35
28/05/2019 00:00,8774.45
27/05/2019 00:00,8733.27
26/05/2019 00:00,8066.15
25/05/2019 00:00,7999.02
24/05/2019 00:00,7880.4
23/05/2019 00:00,7622.9
22/05/2019 00:00,7949.18
21/05/2019 00:00,8007.67
20/05/2019 00:00,8193.45
19/05/2019 00:00,7257.82
18/05/2019 00:00,7352.39
17/05/2019 00:00,7879.28
16/05/2019 00:00,8203.97
15/05/2019 00:00,7991.72
14/05/2019 00:00,7810.72
13/05/2019 00:00,6968.84
12/05/2019 00:00,7214.4
11/05/2019 00:00,6338.93
10/05/2019 00:00,6151.66
09/05/2019 00:00,5945.32
08/05/2019 00:00,5751.54
07/05/2019 00:00,5686.88
06/05/2019 00:00,5714.4
05/05/2019 00:00,5766.46
04/05/2019 00:00,5659.82
03/05/2019 00:00,5385
02/05/2019 00:00,5322.28
01/05/2019 00:00,5267.86
30/04/2019 00:00,5150.21
29/04/2019 00:00,5152.98
28/04/2019 00:00,5171.51
27/04/2019 00:00,5154.11
26/04/2019 00:00,5132.5
25/04/2019 00:00,5440.95
24/04/2019 00:00,5531.29
23/04/2019 00:00,5388.22
22/04/2019 00:00,5295.96
21/04/2019 00:00,5318.94
20/04/2019 00:00,5289.91
19/04/2019 00:00,5283
18/04/2019 00:00,5227.6
17/04/2019 00:00,5201.47
16/04/2019 00:00,5027.33
15/04/2019 00:00,5160.54
14/04/2019 00:00,5064
13/04/2019 00:00,5075.74
12/04/2019 00:00,5037.82
11/04/2019 00:00,5323.47
10/04/2019 00:00,5184.03
09/04/2019 00:00,5287.97
08/04/2019 00:00,5192.92
07/04/2019 00:00,5041.92
06/04/2019 00:00,5041
05/04/2019 00:00,4911.14
04/04/2019 00:00,4972.83
03/04/2019 00:00,4899.01
02/04/2019 00:00,4133.93
01/04/2019 00:00,4092.02
31/03/2019 00:00,4094.92
30/03/2019 00:00,4090
29/03/2019 00:00,4011
28/03/2019 00:00,4025.5
27/03/2019 00:00,3922.58
26/03/2019 00:00,3910
25/03/2019 00:00,3970.23
24/03/2019 00:00,3979.19
23/03/2019 00:00,3980.4
22/03/2019 00:00,3974.5
21/03/2019 00:00,4033.7
20/03/2019 00:00,3999.5
19/03/2019 00:00,3969.94
18/03/2019 00:00,3965.63
17/03/2019 00:00,3990
16/03/2019 00:00,3899.19
15/03/2019 00:00,3857.33
14/03/2019 00:00,3848.1
13/03/2019 00:00,3861.37
12/03/2019 00:00,3848.86
11/03/2019 00:00,3898.14
10/03/2019 00:00,3916.42
09/03/2019 00:00,3841.27
08/03/2019 00:00,3856.78
07/03/2019 00:00,3851.26
06/03/2019 00:00,3844.07
05/03/2019 00:00,3698.65
04/03/2019 00:00,3789.7
03/03/2019 00:00,3810.47
02/03/2019 00:00,3805
01/03/2019 00:00,3791.02
28/02/2019 00:00,3796.49
27/02/2019 00:00,3794.42
26/02/2019 00:00,3817.93
25/02/2019 00:00,3733.78
24/02/2019 00:00,4113.56
23/02/2019 00:00,3939.83
22/02/2019 00:00,3900.64
21/02/2019 00:00,3936.8
20/02/2019 00:00,3889.92
19/02/2019 00:00,3870.97
18/02/2019 00:00,3625.6
17/02/2019 00:00,3580.43
16/02/2019 00:00,3566.29
15/02/2019 00:00,3560.45
14/02/2019 00:00,3575.01
13/02/2019 00:00,3585.7
12/02/2019 00:00,3588.99
11/02/2019 00:00,3651.32
10/02/2019 00:00,3622.74
09/02/2019 00:00,3626.12
08/02/2019 00:00,3358.39
07/02/2019 00:00,3364
06/02/2019 00:00,3431.81
05/02/2019 00:00,3409.81
04/02/2019 00:00,3413.75
03/02/2019 00:00,3470.5
02/02/2019 00:00,3434.83
01/02/2019 00:00,3413.69
31/01/2019 00:00,3438
30/01/2019 00:00,3391.25
29/01/2019 00:00,3431.43
28/01/2019 00:00,3532.23
27/01/2019 00:00,3555.31
26/01/2019 00:00,3560.94
25/01/2019 00:00,3570.67
24/01/2019 00:00,3553.2
23/01/2019 00:00,3574.44
22/01/2019 00:00,3531.51
21/01/2019 00:00,3537.42
20/01/2019 00:00,3680
19/01/2019 00:00,3609.29
18/01/2019 00:00,3638.01
17/01/2019 00:00,3609.5
16/01/2019 00:00,3576.92
15/01/2019 00:00,3664.28
14/01/2019 00:00,3517.03
13/01/2019 00:00,3617.75
12/01/2019 00:00,3631
11/01/2019 00:00,3627.65
10/01/2019 00:00,4003.09
09/01/2019 00:00,3994.75
08/01/2019 00:00,4005
07/01/2019 00:00,4040.71
06/01/2019 00:00,3795.38
05/01/2019 00:00,3822
04/01/2019 00:00,3785.64
03/01/2019 00:00,3890.27
02/01/2019 00:00,3825.41
01/01/2019 00:00,3693.85
31/12/2018 00:00,3831.03
30/12/2018 00:00,3728.96
29/12/2018 00:00,3884.66
28/12/2018 00:00,3590.26
27/12/2018 00:00,3810.01
26/12/2018 00:00,3780
25/12/2018 00:00,4034.54
24/12/2018 00:00,3947.82
23/12/2018 00:00,3977.65
22/12/2018 00:00,3842.59
21/12/2018 00:00,4073.58
20/12/2018 00:00,3684.03
19/12/2018 00:00,3667.16
18/12/2018 00:00,3499.37
17/12/2018 00:00,3191.41
16/12/2018 00:00,3180.84
15/12/2018 00:00,3194.04
14/12/2018 00:00,3263.55
13/12/2018 00:00,3430.2
12/12/2018 00:00,3345.01
11/12/2018 00:00,3406.41
10/12/2018 00:00,3528.68
09/12/2018 00:00,3398.8
08/12/2018 00:00,3376.27
07/12/2018 00:00,3437.22
06/12/2018 00:00,3694.03
05/12/2018 00:00,3903.52
04/12/2018 00:00,3830.81
03/12/2018 00:00,4099.63
02/12/2018 00:00,4140.4
01/12/2018 00:00,3970.56
30/11/2018 00:00,4250
29/11/2018 00:00,4219.77
28/11/2018 00:00,3771.01
27/11/2018 00:00,3727.34
26/11/2018 00:00,3934.22
25/11/2018 00:00,3780.67
24/11/2018 00:00,4288.25
23/11/2018 00:00,4268.4
22/11/2018 00:00,4551.47
21/11/2018 00:00,4349.41
20/11/2018 00:00,4732.92
19/11/2018 00:00,5553.01
18/11/2018 00:00,5503.36
17/11/2018 00:00,5514.62
16/11/2018 00:00,5571.12
15/11/2018 00:00,5592.23
14/11/2018 00:00,6255.86
13/11/2018 00:00,6318.01
12/11/2018 00:00,6352.57
11/11/2018 00:00,6349.39
10/11/2018 00:00,6325
09/11/2018 00:00,6405.49
08/11/2018 00:00,6501
07/11/2018 00:00,6448.17
06/11/2018 00:00,6404.97
05/11/2018 00:00,6428.23
04/11/2018 00:00,6333.59
03/11/2018 00:00,6350.05
02/11/2018 00:00,6343.85
01/11/2018 00:00,6304.5
31/10/2018 00:00,6269.45
30/10/2018 00:00,6266.47
29/10/2018 00:00,6404.27
28/10/2018 00:00,6407.66
27/10/2018 00:00,6406.1
26/10/2018 00:00,6393.38
25/10/2018 00:00,6411.96
24/10/2018 00:00,6396.24
23/10/2018 00:00,6409.39
22/10/2018 00:00,6412.62
21/10/2018 00:00,6412.86
20/10/2018 00:00,6380.47
19/10/2018 00:00,6394.23
18/10/2018 00:00,6440.07
17/10/2018 00:00,6457.67
16/10/2018 00:00,6438.2
15/10/2018 00:00,6185.04
14/10/2018 00:00,6201.23
13/10/2018 00:00,6182.03
12/10/2018 00:00,6152.76
11/10/2018 00:00,6517.55
10/10/2018 00:00,6588.72
09/10/2018 00:00,6604.76
08/10/2018 00:00,6574.15
07/10/2018 00:00,6547.93
06/10/2018 00:00,6582.11
05/10/2018 00:00,6548.83
04/10/2018 00:00,6454.81
03/10/2018 00:00,6500
02/10/2018 00:00,6569.32
01/10/2018 00:00,6597.79
30/09/2018 00:00,6574.29
29/09/2018 00:00,6609.02
28/09/2018 00:00,6684.5
27/09/2018 00:00,6454.32
26/09/2018 00:00,6428.09
25/09/2018 00:00,6578.7
24/09/2018 00:00,6703.37
23/09/2018 00:00,6710.01
22/09/2018 00:00,6748.85
21/09/2018 00:00,6492.98
20/09/2018 00:00,6388.4
19/09/2018 00:00,6330
18/09/2018 00:00,6251.49
17/09/2018 00:00,6499.28
16/09/2018 00:00,6521.49
15/09/2018 00:00,6476.51
14/09/2018 00:00,6482.95
13/09/2018 00:00,6326.83
12/09/2018 00:00,6274.6
11/09/2018 00:00,6303.99
10/09/2018 00:00,6238.99
09/09/2018 00:00,6178.31
08/09/2018 00:00,6401.01
07/09/2018 00:00,6488.01
06/09/2018 00:00,6671.95
05/09/2018 00:00,7353.48
04/09/2018 00:00,7261.29
03/09/2018 00:00,7291.94
02/09/2018 00:00,7195.8
01/09/2018 00:00,7015.78
31/08/2018 00:00,6984.34
30/08/2018 00:00,7034.47
29/08/2018 00:00,7079.46
28/08/2018 00:00,6911.7
27/08/2018 00:00,6700.13
26/08/2018 00:00,6732.99
25/08/2018 00:00,6692.99
24/08/2018 00:00,6525.99
23/08/2018 00:00,6355.97
22/08/2018 00:00,6478.99
21/08/2018 00:00,6260.83
20/08/2018 00:00,6481.63
19/08/2018 00:00,6397.37
18/08/2018 00:00,6578.13
17/08/2018 00:00,6314.08
16/08/2018 00:00,6273.34
15/08/2018 00:00,6194.3
14/08/2018 00:00,6252.63
13/08/2018 00:00,6311.99
12/08/2018 00:00,6240.49
11/08/2018 00:00,6139.99
10/08/2018 00:00,6544.98
09/08/2018 00:00,6283.89
08/08/2018 00:00,6717.67
07/08/2018 00:00,6932.18
06/08/2018 00:00,7028.89
05/08/2018 00:00,7009.94
04/08/2018 00:00,7416.98
03/08/2018 00:00,7535
02/08/2018 00:00,7600.22
01/08/2018 00:00,7726.85
31/07/2018 00:00,8162.28
30/07/2018 00:00,8216.74
29/07/2018 00:00,8231.07
28/07/2018 00:00,8177.72
27/07/2018 00:00,7926
26/07/2018 00:00,8174.06
25/07/2018 00:00,8394.48
24/07/2018 00:00,7712.46
23/07/2018 00:00,7393.5
22/07/2018 00:00,7398.16
21/07/2018 00:00,7330.84
20/07/2018 00:00,7474.35
19/07/2018 00:00,7384.92
18/07/2018 00:00,7310.71
17/07/2018 00:00,6721.21
16/07/2018 00:00,6353.25
15/07/2018 00:00,6245.99
14/07/2018 00:00,6208.78
13/07/2018 00:00,6243.53
12/07/2018 00:00,6379.13
11/07/2018 00:00,6304.45
10/07/2018 00:00,6666.75
09/07/2018 00:00,6706.6
08/07/2018 00:00,6755.46
07/07/2018 00:00,6604.74
06/07/2018 00:00,6533.69
05/07/2018 00:00,6575.62
04/07/2018 00:00,6507.99
03/07/2018 00:00,6605.46
02/07/2018 00:00,6345.48
01/07/2018 00:00,6385.75
30/06/2018 00:00,6204.01
29/06/2018 00:00,5845.2
28/06/2018 00:00,6135.64
27/06/2018 00:00,6073.99
26/06/2018 00:00,6252.28
25/06/2018 00:00,6153.6
24/06/2018 00:00,6169.91
23/06/2018 00:00,6055.17
22/06/2018 00:00,6718.33
21/06/2018 00:00,6756.6
20/06/2018 00:00,6728.44
19/06/2018 00:00,6711.3
18/06/2018 00:00,6451.03
17/06/2018 00:00,6487.92
16/06/2018 00:00,6390.6
15/06/2018 00:00,6638.8
14/06/2018 00:00,6308.49
13/06/2018 00:00,6557.66
12/06/2018 00:00,6880.76
11/06/2018 00:00,6781.17
10/06/2018 00:00,7498
09/06/2018 00:00,7618.11
08/06/2018 00:00,7676.41
07/06/2018 00:00,7658.99
06/06/2018 00:00,7617.98
05/06/2018 00:00,7494.99
04/06/2018 00:00,7712.97
03/06/2018 00:00,7642
02/06/2018 00:00,7511.72
01/06/2018 00:00,7492.28
31/05/2018 00:00,7375.64
30/05/2018 00:00,7469.45
29/05/2018 00:00,7112.2
28/05/2018 00:00,7348.64
27/05/2018 00:00,7335.99
26/05/2018 00:00,7459.21
25/05/2018 00:00,7579.3
24/05/2018 00:00,7509.99
23/05/2018 00:00,7983.98
22/05/2018 00:00,8403.23
21/05/2018 00:00,8518.64
20/05/2018 00:00,8225.55
19/05/2018 00:00,8248.99
18/05/2018 00:00,8058.16
17/05/2018 00:00,8337.77
16/05/2018 00:00,8481.99
15/05/2018 00:00,8674.53
14/05/2018 00:00,8696.54
13/05/2018 00:00,8481.72
12/05/2018 00:00,8408.79
11/05/2018 00:00,9007.19
10/05/2018 00:00,9308.49
09/05/2018 00:00,9181.52
08/05/2018 00:00,9356.79
07/05/2018 00:00,9621.99
06/05/2018 00:00,9827.04
05/05/2018 00:00,9689
04/05/2018 00:00,9737
03/05/2018 00:00,9220
02/05/2018 00:00,9066.9
01/05/2018 00:00,9243.51
30/04/2018 00:00,9396.32
29/04/2018 00:00,9352.97
28/04/2018 00:00,8916.54
27/04/2018 00:00,9277.32
26/04/2018 00:00,8855.07
25/04/2018 00:00,9648.36
24/04/2018 00:00,8942
23/04/2018 00:00,8781.7
22/04/2018 00:00,8924.93
21/04/2018 00:00,8865.78
20/04/2018 00:00,8273
19/04/2018 00:00,8172.83
18/04/2018 00:00,7890.87
17/04/2018 00:00,8054.68
16/04/2018 00:00,8353.43
15/04/2018 00:00,8003.39
14/04/2018 00:00,7885.9
13/04/2018 00:00,7923.78
12/04/2018 00:00,6940.94
11/04/2018 00:00,6824.75
10/04/2018 00:00,6782.39
09/04/2018 00:00,7027.26
08/04/2018 00:00,6904.21
07/04/2018 00:00,6627.7
06/04/2018 00:00,6771.3
05/04/2018 00:00,6799.37
04/04/2018 00:00,7415.53
03/04/2018 00:00,7052.75
02/04/2018 00:00,6816.31
01/04/2018 00:00,6926.5
31/03/2018 00:00,6839.63
30/03/2018 00:00,7086.14
29/03/2018 00:00,7932.41
28/03/2018 00:00,7791.69
27/03/2018 00:00,8152.26
26/03/2018 00:00,8451.12
25/03/2018 00:00,8541.96
24/03/2018 00:00,8917.99
23/03/2018 00:00,8708.52
22/03/2018 00:00,8892.18
21/03/2018 00:00,8904.02
20/03/2018 00:00,8596.79
19/03/2018 00:00,8205.55
18/03/2018 00:00,7860.83
17/03/2018 00:00,8258.54
16/03/2018 00:00,8265.05
15/03/2018 00:00,8195.99
14/03/2018 00:00,9152.07
13/03/2018 00:00,9115.24
12/03/2018 00:00,9535.04
11/03/2018 00:00,8795.04
10/03/2018 00:00,9228.83
09/03/2018 00:00,9293.06
08/03/2018 00:00,9904.52
07/03/2018 00:00,10723.01
06/03/2018 00:00,11417.39
05/03/2018 00:00,11479.68
04/03/2018 00:00,11445
03/03/2018 00:00,11032.81
02/03/2018 00:00,10917.37
01/03/2018 00:00,10314.99
28/02/2018 00:00,10572.49
27/02/2018 00:00,10324.7
26/02/2018 00:00,9590.04
25/02/2018 00:00,9689.99
24/02/2018 00:00,10166.1
23/02/2018 00:00,9843.34
22/02/2018 00:00,10449.4
21/02/2018 00:00,11233.41
20/02/2018 00:00,11173
19/02/2018 00:00,10421.06
18/02/2018 00:00,11101
17/02/2018 00:00,10196
16/02/2018 00:00,10018
15/02/2018 00:00,9490.98
14/02/2018 00:00,8522.99
13/02/2018 00:00,8899
12/02/2018 00:00,8067
11/02/2018 00:00,8560
10/02/2018 00:00,8693.98
09/02/2018 00:00,8259.76
08/02/2018 00:00,7588.01
07/02/2018 00:00,7737.37
06/02/2018 00:00,6874.27
05/02/2018 00:00,8191
04/02/2018 00:00,9225.86
03/02/2018 00:00,8838.83
02/02/2018 00:00,8998.99
01/02/2018 00:00,10149
31/01/2018 00:00,9971
30/01/2018 00:00,11162.62
29/01/2018 00:00,11685.58
28/01/2018 00:00,11446.54
27/01/2018 00:00,11092.95
26/01/2018 00:00,11155.54
25/01/2018 00:00,11400.96
24/01/2018 00:00,10851.82
23/01/2018 00:00,10808.99
22/01/2018 00:00,11558.87
21/01/2018 00:00,12775.99
20/01/2018 00:00,11552
19/01/2018 00:00,11247.57
18/01/2018 00:00,11191.35
17/01/2018 00:00,11386.34
16/01/2018 00:00,13607.04
15/01/2018 00:00,13647.99
14/01/2018 00:00,14197.78
13/01/2018 00:00,13781.41
12/01/2018 00:00,13243.83
11/01/2018 00:00,14890.02
10/01/2018 00:00,14403.51
09/01/2018 00:00,14999.99
08/01/2018 00:00,16124.02
07/01/2018 00:00,17149.67
06/01/2018 00:00,16928
05/01/2018 00:00,15143.67
04/01/2018 00:00,15155.62
03/01/2018 00:00,14678.94
02/01/2018 00:00,13443.41
01/01/2018 00:00,13880
31/12/2017 00:00,12640
30/12/2017 00:00,14340
29/12/2017 00:00,14470.07
28/12/2017 00:00,15364.93
27/12/2017 00:00,15764.44
26/12/2017 00:00,13911.28
25/12/2017 00:00,14157.87
24/12/2017 00:00,14619
23/12/2017 00:00,14009.79
22/12/2017 00:00,15600.01
21/12/2017 00:00,16466.98
20/12/2017 00:00,17700
19/12/2017 00:00,18940.57
18/12/2017 00:00,18953
17/12/2017 00:00,19187.78
16/12/2017 00:00,17471.5
15/12/2017 00:00,16404.99
14/12/2017 00:00,16250
13/12/2017 00:00,16650.01
12/12/2017 00:00,16470
11/12/2017 00:00,14691
10/12/2017 00:00,14607.49
09/12/2017 00:00,15800
08/12/2017 00:00,16599.99
07/12/2017 00:00,13623.5
06/12/2017 00:00,11677
05/12/2017 00:00,11613.07
04/12/2017 00:00,11250
03/12/2017 00:00,10872
02/12/2017 00:00,10840.45
01/12/2017 00:00,9947.67
30/11/2017 00:00,9824.68
29/11/2017 00:00,9868.82
28/11/2017 00:00,9708.07
27/11/2017 00:00,9271.06
26/11/2017 00:00,8717.99
25/11/2017 00:00,8199.19
24/11/2017 00:00,7989
23/11/2017 00:00,8214.69
22/11/2017 00:00,8095.23
21/11/2017 00:00,8226.17
20/11/2017 00:00,8016.58
19/11/2017 00:00,7771.03
18/11/2017 00:00,7674.99
17/11/2017 00:00,7846.96
16/11/2017 00:00,7294
15/11/2017 00:00,6609
14/11/2017 00:00,6525.17
13/11/2017 00:00,5870.37
12/11/2017 00:00,6355.13
11/11/2017 00:00,6588.18
10/11/2017 00:00,7148
09/11/2017 00:00,7450.32
08/11/2017 00:00,7130.28
07/11/2017 00:00,6967.68
06/11/2017 00:00,7372.72
05/11/2017 00:00,7388.83
04/11/2017 00:00,7146.82
03/11/2017 00:00,7030
02/11/2017 00:00,6741.59
01/11/2017 00:00,6434.21
31/10/2017 00:00,6119.99
30/10/2017 00:00,6137.37
29/10/2017 00:00,5730.69
28/10/2017 00:00,5771.89
27/10/2017 00:00,5890
26/10/2017 00:00,5735.88
25/10/2017 00:00,5523.4
24/10/2017 00:00,5871.17
23/10/2017 00:00,5969
22/10/2017 00:00,6013.46
21/10/2017 00:00,5977.29
20/10/2017 00:00,5698.69
19/10/2017 00:00,5582.05
18/10/2017 00:00,5597.31
17/10/2017 00:00,5745.72
16/10/2017 00:00,5679.7
15/10/2017 00:00,5801.29
14/10/2017 00:00,5653.6
13/10/2017 00:00,5445
12/10/2017 00:00,4822.01
11/10/2017 00:00,4749.29
10/10/2017 00:00,4764.7
09/10/2017 00:00,4597.98
08/10/2017 00:00,4423.3
07/10/2017 00:00,4362.95
06/10/2017 00:00,4301.09
05/10/2017 00:00,4219.53
04/10/2017 00:00,4315.83
03/10/2017 00:00,4391.48
02/10/2017 00:00,4377.22
01/10/2017 00:00,4326.09
30/09/2017 00:00,4164.82
29/09/2017 00:00,4184.84
28/09/2017 00:00,4199.29
27/09/2017 00:00,3888.03
26/09/2017 00:00,3918
25/09/2017 00:00,3664.22
24/09/2017 00:00,3779.17
23/09/2017 00:00,3612.18
22/09/2017 00:00,3617.05
21/09/2017 00:00,3874.46
20/09/2017 00:00,3888.8
19/09/2017 00:00,4101.6
18/09/2017 00:00,3662.99
17/09/2017 00:00,3678.93
16/09/2017 00:00,3700.01
15/09/2017 00:00,3227.79
14/09/2017 00:00,3865.34
13/09/2017 00:00,4172.56
12/09/2017 00:00,4207.31
11/09/2017 00:00,4226.22
10/09/2017 00:00,4308.72
09/09/2017 00:00,4312
08/09/2017 00:00,4615
07/09/2017 00:00,4605.8
06/09/2017 00:00,4396.52
05/09/2017 00:00,4277
04/09/2017 00:00,4606.26
03/09/2017 00:00,4599.9
02/09/2017 00:00,4921.7
01/09/2017 00:00,4734.26
31/08/2017 00:00,4573.2
30/08/2017 00:00,4578.82
29/08/2017 00:00,4379.99
28/08/2017 00:00,4337.68
27/08/2017 00:00,4333.38
26/08/2017 00:00,4355.98
25/08/2017 00:00,4300.34
24/08/2017 00:00,4108.12
23/08/2017 00:00,4085
22/08/2017 00:00,3987.52
21/08/2017 00:00,4058.68
20/08/2017 00:00,4099.55
19/08/2017 00:00,4100
18/08/2017 00:00,4276.5
17/08/2017 00:00,4378.84
16/08/2017 00:00,4155.67
15/08/2017 00:00,4306.23
14/08/2017 00:00,4053.87
13/08/2017 00:00,3855.1
12/08/2017 00:00,3645.06
11/08/2017 00:00,3413.03
10/08/2017 00:00,3342.99
09/08/2017 00:00,3412.41
08/08/2017 00:00,3387.55
07/08/2017 00:00,3222.75
06/08/2017 00:00,3263.62
05/08/2017 00:00,2855
04/08/2017 00:00,2793.37
03/08/2017 00:00,2703.51
02/08/2017 00:00,2731
01/08/2017 00:00,2855.81
31/07/2017 00:00,2742.37
30/07/2017 00:00,2680.56
29/07/2017 00:00,2777.01
28/07/2017 00:00,2666.33
27/07/2017 00:00,2524.99
26/07/2017 00:00,2564.82
25/07/2017 00:00,2759.98
24/07/2017 00:00,2749.02
23/07/2017 00:00,2832.71
22/07/2017 00:00,2670
21/07/2017 00:00,2875.03
20/07/2017 00:00,2265.21
19/07/2017 00:00,2303.71
18/07/2017 00:00,2226
17/07/2017 00:00,1917.63
16/07/2017 00:00,1970.51
15/07/2017 00:00,2213.37
14/07/2017 00:00,2339.99
13/07/2017 00:00,2388
12/07/2017 00:00,2305.98
11/07/2017 00:00,2323.45
10/07/2017 00:00,2502.28
09/07/2017 00:00,2550.07
08/07/2017 00:00,2501.46
07/07/2017 00:00,2600.39
06/07/2017 00:00,2602.9
05/07/2017 00:00,2596.12
04/07/2017 00:00,2550.47
03/07/2017 00:00,2504.37
02/07/2017 00:00,2412.41
01/07/2017 00:00,2465.49
30/06/2017 00:00,2541.59
29/06/2017 00:00,2559.9
28/06/2017 00:00,2565
27/06/2017 00:00,2421.22
26/06/2017 00:00,2502.03
25/06/2017 00:00,2557.66
24/06/2017 00:00,2685.05
23/06/2017 00:00,2713.48
22/06/2017 00:00,2657.04
21/06/2017 00:00,2740
20/06/2017 00:00,2598
19/06/2017 00:00,2516.98
18/06/2017 00:00,2630
17/06/2017 00:00,2484.68
16/06/2017 00:00,2424.91
15/06/2017 00:00,2450
14/06/2017 00:00,2703.02
13/06/2017 00:00,2667.06
12/06/2017 00:00,2954.22
11/06/2017 00:00,2899.99
10/06/2017 00:00,2822.32
09/06/2017 00:00,2806
08/06/2017 00:00,2683.03
07/06/2017 00:00,2880.74
06/06/2017 00:00,2698
05/06/2017 00:00,2530.27
04/06/2017 00:00,2540.94
03/06/2017 00:00,2488.94
02/06/2017 00:00,2413.63
01/06/2017 00:00,2298.01
31/05/2017 00:00,2203.51
30/05/2017 00:00,2292.1
29/05/2017 00:00,2178.81
28/05/2017 00:00,2042
27/05/2017 00:00,2279.82
26/05/2017 00:00,2292.53
25/05/2017 00:00,2420.29
24/05/2017 00:00,2264.23
23/05/2017 00:00,2099.97
22/05/2017 00:00,2017.55
21/05/2017 00:00,2013.99
20/05/2017 00:00,1958
19/05/2017 00:00,1878.99
18/05/2017 00:00,1782.99
17/05/2017 00:00,1700.01
16/05/2017 00:00,1705.48
15/05/2017 00:00,1784
14/05/2017 00:00,1776.89
13/05/2017 00:00,1691.51
12/05/2017 00:00,1828.45
11/05/2017 00:00,1772.58
10/05/2017 00:00,1720.28
09/05/2017 00:00,1649.54
08/05/2017 00:00,1554.01
07/05/2017 00:00,1558.02
06/05/2017 00:00,1514.9
05/05/2017 00:00,1537.23
04/05/2017 00:00,1503.22
03/05/2017 00:00,1447.75
02/05/2017 00:00,1390.86
01/05/2017 00:00,1350.21
30/04/2017 00:00,1333
29/04/2017 00:00,1330.7
28/04/2017 00:00,1331.53
27/04/2017 00:00,1287.99
26/04/2017 00:00,1269
25/04/2017 00:00,1253.58
24/04/2017 00:00,1241.99
23/04/2017 00:00,1233.2
22/04/2017 00:00,1243.61
21/04/2017 00:00,1234.19
20/04/2017 00:00,1203.98
19/04/2017 00:00,1202.58
18/04/2017 00:00,1176.54
17/04/2017 00:00,1162.31
16/04/2017 00:00,1173.45
15/04/2017 00:00,1170.34
14/04/2017 00:00,1172.91
13/04/2017 00:00,1212.17
12/04/2017 00:00,1218.99
11/04/2017 00:00,1209.25
10/04/2017 00:00,1206.2
09/04/2017 00:00,1184.03
08/04/2017 00:00,1190.66
07/04/2017 00:00,1190.85
06/04/2017 00:00,1134.58
05/04/2017 00:00,1143
04/04/2017 00:00,1144.77
03/04/2017 00:00,1078.01
02/04/2017 00:00,1083.94
01/04/2017 00:00,1070.31
31/03/2017 00:00,1033.7
30/03/2017 00:00,1035.96
29/03/2017 00:00,1043.99
28/03/2017 00:00,1039.92
27/03/2017 00:00,960
26/03/2017 00:00,956.02
25/03/2017 00:00,929.06
24/03/2017 00:00,1029.65
23/03/2017 00:00,1037.56
22/03/2017 00:00,1114.39
21/03/2017 00:00,1035.96
20/03/2017 00:00,1017.97
19/03/2017 00:00,969.4
18/03/2017 00:00,1071.02
17/03/2017 00:00,1172.62
16/03/2017 00:00,1257.32
15/03/2017 00:00,1245.86
14/03/2017 00:00,1242.46
13/03/2017 00:00,1226.62
12/03/2017 00:00,1176.55
11/03/2017 00:00,1116.97
10/03/2017 00:00,1190.89
09/03/2017 00:00,1150.05
08/03/2017 00:00,1233.05
07/03/2017 00:00,1278.49
06/03/2017 00:00,1273
05/03/2017 00:00,1260
04/03/2017 00:00,1285.33
03/03/2017 00:00,1257.6
02/03/2017 00:00,1226.39
01/03/2017 00:00,1191.21
28/02/2017 00:00,1194.64
27/02/2017 00:00,1179.05
26/02/2017 00:00,1152.2
25/02/2017 00:00,1180.14
24/02/2017 00:00,1188.11
23/02/2017 00:00,1130.01
22/02/2017 00:00,1124.62
21/02/2017 00:00,1084
20/02/2017 00:00,1051.8
19/02/2017 00:00,1056.4
18/02/2017 00:00,1055.46
17/02/2017 00:00,1032.7
16/02/2017 00:00,1011.53
15/02/2017 00:00,1008.88
14/02/2017 00:00,1000.74
13/02/2017 00:00,1000.73
12/02/2017 00:00,1011.01
11/02/2017 00:00,995.49
10/02/2017 00:00,985.71
09/02/2017 00:00,1051.73
08/02/2017 00:00,1052.48
07/02/2017 00:00,1024
06/02/2017 00:00,1010.03
05/02/2017 00:00,1033.72
04/02/2017 00:00,1015.06
03/02/2017 00:00,1009.15
02/02/2017 00:00,983.79
01/02/2017 00:00,963.99
31/01/2017 00:00,919.99
30/01/2017 00:00,913.12
29/01/2017 00:00,918.6
28/01/2017 00:00,918.02
27/01/2017 00:00,914.95
26/01/2017 00:00,893.25
25/01/2017 00:00,885.47
24/01/2017 00:00,913.15
23/01/2017 00:00,923.75
22/01/2017 00:00,921.98
21/01/2017 00:00,895.81
20/01/2017 00:00,902.23
19/01/2017 00:00,887.69
18/01/2017 00:00,905.95
17/01/2017 00:00,831.76
16/01/2017 00:00,821.86
15/01/2017 00:00,819.52
14/01/2017 00:00,825.98
13/01/2017 00:00,807.51
12/01/2017 00:00,778.7
11/01/2017 00:00,905.05
10/01/2017 00:00,896.09
09/01/2017 00:00,909.8
08/01/2017 00:00,906.2
07/01/2017 00:00,894.02
06/01/2017 00:00,1004.73
05/01/2017 00:00,1114.38
04/01/2017 00:00,1035.51
03/01/2017 00:00,1011.44
02/01/2017 00:00,997.75
01/01/2017 00:00,966.34
31/12/2016 00:00,959.54
30/12/2016 00:00,969.99
29/12/2016 00:00,976.46
28/12/2016 00:00,930.34
27/12/2016 00:00,897.82
26/12/2016 00:00,890.65
25/12/2016 00:00,892.61
24/12/2016 00:00,914.48
23/12/2016 00:00,858.94
22/12/2016 00:00,832.02
21/12/2016 00:00,798.65
20/12/2016 00:00,791.03
19/12/2016 00:00,788.34
18/12/2016 00:00,788.3
17/12/2016 00:00,781.32
16/12/2016 00:00,776.3
15/12/2016 00:00,777.03
14/12/2016 00:00,775.35
13/12/2016 00:00,777
12/12/2016 00:00,768.97
11/12/2016 00:00,772.28
10/12/2016 00:00,769.57
09/12/2016 00:00,766.84
08/12/2016 00:00,764.05
07/12/2016 00:00,758.97
06/12/2016 00:00,749.51
05/12/2016 00:00,762
04/12/2016 00:00,762.97
03/12/2016 00:00,770.91
02/12/2016 00:00,751.55
01/12/2016 00:00,742.06
30/11/2016 00:00,730.72
29/11/2016 00:00,730.99
28/11/2016 00:00,727.32
27/11/2016 00:00,729.91
26/11/2016 00:00,736.96
25/11/2016 00:00,735.63
24/11/2016 00:00,740.18
23/11/2016 00:00,749.13
22/11/2016 00:00,736.92
21/11/2016 00:00,727.09
20/11/2016 00:00,750.09
19/11/2016 00:00,748.98
18/11/2016 00:00,736
17/11/2016 00:00,739.71
16/11/2016 00:00,711.07
15/11/2016 00:00,704.98
14/11/2016 00:00,700.38
13/11/2016 00:00,701.17
12/11/2016 00:00,716.39
11/11/2016 00:00,714.48
10/11/2016 00:00,721.5
09/11/2016 00:00,708.17
08/11/2016 00:00,702.86
07/11/2016 00:00,709.92
06/11/2016 00:00,703.33
05/11/2016 00:00,702.95
04/11/2016 00:00,684.84
03/11/2016 00:00,742
02/11/2016 00:00,726.6
01/11/2016 00:00,697.04
31/10/2016 00:00,697.1
30/10/2016 00:00,711.1
29/10/2016 00:00,685.91
28/10/2016 00:00,684.68
27/10/2016 00:00,674.63
26/10/2016 00:00,651.97
25/10/2016 00:00,649.03
24/10/2016 00:00,648.71
23/10/2016 00:00,654.52
22/10/2016 00:00,628.99
21/10/2016 00:00,628.05
20/10/2016 00:00,627.84
19/10/2016 00:00,635.95
18/10/2016 00:00,636.96
17/10/2016 00:00,638.97
16/10/2016 00:00,635.26
15/10/2016 00:00,638.2
14/10/2016 00:00,635.16
13/10/2016 00:00,634.5
12/10/2016 00:00,638.3
11/10/2016 00:00,616.37
10/10/2016 00:00,612.12
09/10/2016 00:00,614.34
08/10/2016 00:00,614.88
07/10/2016 00:00,610.25
06/10/2016 00:00,608.01
05/10/2016 00:00,607.19
04/10/2016 00:00,612.84
03/10/2016 00:00,608.6
02/10/2016 00:00,612.98
01/10/2016 00:00,608.23
30/09/2016 00:00,605.59
29/09/2016 00:00,603.93
28/09/2016 00:00,604.26
27/09/2016 00:00,606.7
26/09/2016 00:00,598.95
25/09/2016 00:00,600.05
24/09/2016 00:00,600.47
23/09/2016 00:00,595.42
22/09/2016 00:00,595.46
21/09/2016 00:00,601
20/09/2016 00:00,608.73
19/09/2016 00:00,608
18/09/2016 00:00,602.93
17/09/2016 00:00,607.04
16/09/2016 00:00,606.65
15/09/2016 00:00,608.5
14/09/2016 00:00,607.45
13/09/2016 00:00,606.4
12/09/2016 00:00,604.08
11/09/2016 00:00,621.65
10/09/2016 00:00,622.01
09/09/2016 00:00,625.67
08/09/2016 00:00,614.44
07/09/2016 00:00,608.93
06/09/2016 00:00,604.98
05/09/2016 00:00,605.72
04/09/2016 00:00,596.25
03/09/2016 00:00,572
02/09/2016 00:00,571.05
01/09/2016 00:00,570.75
31/08/2016 00:00,575.88
30/08/2016 00:00,570.74
29/08/2016 00:00,573.2
28/08/2016 00:00,567.51
27/08/2016 00:00,577.92
26/08/2016 00:00,575.75
25/08/2016 00:00,577.65
24/08/2016 00:00,580.27
23/08/2016 00:00,582.78
22/08/2016 00:00,577.55
21/08/2016 00:00,577.7
20/08/2016 00:00,572.98
19/08/2016 00:00,571.51
18/08/2016 00:00,570.91
17/08/2016 00:00,574.95
16/08/2016 00:00,564.2
15/08/2016 00:00,568.76
14/08/2016 00:00,583.52
13/08/2016 00:00,585.34
12/08/2016 00:00,585.25
11/08/2016 00:00,590.46
10/08/2016 00:00,582.71
09/08/2016 00:00,591.85
08/08/2016 00:00,592.47
07/08/2016 00:00,589.47
06/08/2016 00:00,572.98
05/08/2016 00:00,578.14
04/08/2016 00:00,563.99
03/08/2016 00:00,540.03
02/08/2016 00:00,606.84
01/08/2016 00:00,622.5
31/07/2016 00:00,654.02
30/07/2016 00:00,654.88
29/07/2016 00:00,654.84
28/07/2016 00:00,655.13
27/07/2016 00:00,651.22
26/07/2016 00:00,655
25/07/2016 00:00,659.64
24/07/2016 00:00,655.52
23/07/2016 00:00,647.88
22/07/2016 00:00,663.25
21/07/2016 00:00,667.01
20/07/2016 00:00,674.8
19/07/2016 00:00,673.45
18/07/2016 00:00,679.54
17/07/2016 00:00,662.45
16/07/2016 00:00,664.6
15/07/2016 00:00,660.3
14/07/2016 00:00,652.24
13/07/2016 00:00,663.52
12/07/2016 00:00,649.32
11/07/2016 00:00,648.77
10/07/2016 00:00,647.78
09/07/2016 00:00,663
08/07/2016 00:00,638.89
07/07/2016 00:00,674.7
06/07/2016 00:00,669.09
05/07/2016 00:00,678.74
04/07/2016 00:00,659.77
03/07/2016 00:00,702.48
02/07/2016 00:00,674.55
01/07/2016 00:00,666.33
30/06/2016 00:00,635.91
29/06/2016 00:00,644.33
28/06/2016 00:00,657.49
27/06/2016 00:00,630.16
26/06/2016 00:00,658.8
25/06/2016 00:00,660.76
24/06/2016 00:00,622.59
23/06/2016 00:00,602.82
22/06/2016 00:00,665.36
21/06/2016 00:00,725
20/06/2016 00:00,759.12
19/06/2016 00:00,753.47
18/06/2016 00:00,745
17/06/2016 00:00,767.37
16/06/2016 00:00,695
15/06/2016 00:00,685.25
14/06/2016 00:00,703.81
13/06/2016 00:00,668.73
12/06/2016 00:00,610
11/06/2016 00:00,576.53
10/06/2016 00:00,576.06
09/06/2016 00:00,583.01
08/06/2016 00:00,577.48
07/06/2016 00:00,584.12
06/06/2016 00:00,573.8
05/06/2016 00:00,573.5
04/06/2016 00:00,569.93
03/06/2016 00:00,538
02/06/2016 00:00,536.95
01/06/2016 00:00,532.37
31/05/2016 00:00,527.64
30/05/2016 00:00,517.6
29/05/2016 00:00,522.13
28/05/2016 00:00,470.58
27/05/2016 00:00,452.07
26/05/2016 00:00,448.27
25/05/2016 00:00,445.31
24/05/2016 00:00,442.63
23/05/2016 00:00,438.72
22/05/2016 00:00,442.72
21/05/2016 00:00,442.84
20/05/2016 00:00,436.3
19/05/2016 00:00,452.47
18/05/2016 00:00,452.96
17/05/2016 00:00,454
16/05/2016 00:00,457.56
15/05/2016 00:00,456.3
14/05/2016 00:00,456.42
13/05/2016 00:00,455.2
12/05/2016 00:00,452.95
11/05/2016 00:00,450.88
10/05/2016 00:00,461.49
09/05/2016 00:00,457.75
08/05/2016 00:00,458.97
07/05/2016 00:00,458.98
06/05/2016 00:00,448.5
05/05/2016 00:00,447.36
04/05/2016 00:00,451.18
03/05/2016 00:00,444.06
02/05/2016 00:00,452.99
01/05/2016 00:00,448.43
30/04/2016 00:00,456.53
29/04/2016 00:00,449.94
28/04/2016 00:00,445.39
27/04/2016 00:00,467.39
26/04/2016 00:00,462.29
25/04/2016 00:00,460.03
24/04/2016 00:00,451.92
23/04/2016 00:00,447.16
22/04/2016 00:00,451
21/04/2016 00:00,441.99
20/04/2016 00:00,435.7
19/04/2016 00:00,428.14
18/04/2016 00:00,427.15
17/04/2016 00:00,430.18
16/04/2016 00:00,429.29
15/04/2016 00:00,424.4
14/04/2016 00:00,423.6
13/04/2016 00:00,425.32
12/04/2016 00:00,422.79
11/04/2016 00:00,420.4
10/04/2016 00:00,418.59
09/04/2016 00:00,417.75
08/04/2016 00:00,419.99
07/04/2016 00:00,420.62
06/04/2016 00:00,422.71
05/04/2016 00:00,418.81
04/04/2016 00:00,418.51
03/04/2016 00:00,419.35
02/04/2016 00:00,416.31
01/04/2016 00:00,414.66
31/03/2016 00:00,413.68
30/03/2016 00:00,415.43
29/03/2016 00:00,422.87
28/03/2016 00:00,424.62
27/03/2016 00:00,416.96
26/03/2016 00:00,415.6
25/03/2016 00:00,415.17
24/03/2016 00:00,417.62
23/03/2016 00:00,416.39
22/03/2016 00:00,411.15
21/03/2016 00:00,410.62
20/03/2016 00:00,408.36
19/03/2016 00:00,407.5
18/03/2016 00:00,418.47
17/03/2016 00:00,416.52
16/03/2016 00:00,415.84
15/03/2016 00:00,414.83
14/03/2016 00:00,412.99
13/03/2016 00:00,409.95
12/03/2016 00:00,419.14
11/03/2016 00:00,416
10/03/2016 00:00,412.99
09/03/2016 00:00,412.14
08/03/2016 00:00,413.96
07/03/2016 00:00,406.15
06/03/2016 00:00,399.77
05/03/2016 00:00,408.18
04/03/2016 00:00,420.29
03/03/2016 00:00,422.4
02/03/2016 00:00,433.33
01/03/2016 00:00,436.75
29/02/2016 00:00,430.26
28/02/2016 00:00,431.07
27/02/2016 00:00,432
26/02/2016 00:00,423.38
25/02/2016 00:00,423.79
24/02/2016 00:00,419.1
23/02/2016 00:00,438.26
22/02/2016 00:00,438.33
21/02/2016 00:00,434.63
20/02/2016 00:00,419.98
19/02/2016 00:00,421.15
18/02/2016 00:00,415.59
17/02/2016 00:00,407.51
16/02/2016 00:00,399.5
15/02/2016 00:00,405.5
14/02/2016 00:00,390.99
13/02/2016 00:00,383
12/02/2016 00:00,377.98
11/02/2016 00:00,379.34
10/02/2016 00:00,373.69
09/02/2016 00:00,370.95
08/02/2016 00:00,375
07/02/2016 00:00,375.39
06/02/2016 00:00,384.97
05/02/2016 00:00,388
04/02/2016 00:00,368.4
03/02/2016 00:00,373.05
02/02/2016 00:00,371.79
01/02/2016 00:00,368.49
31/01/2016 00:00,376.38
30/01/2016 00:00,378.12
29/01/2016 00:00,379.55
28/01/2016 00:00,394.62
27/01/2016 00:00,391.77
26/01/2016 00:00,390.1
25/01/2016 00:00,402.16
24/01/2016 00:00,386.37
23/01/2016 00:00,382.85
22/01/2016 00:00,409.42
21/01/2016 00:00,418.9
20/01/2016 00:00,376.77
19/01/2016 00:00,385.47
18/01/2016 00:00,380.16
17/01/2016 00:00,387.28
16/01/2016 00:00,360
15/01/2016 00:00,429.55
14/01/2016 00:00,432.64
13/01/2016 00:00,434.89
12/01/2016 00:00,448
11/01/2016 00:00,448.79
10/01/2016 00:00,448.84
09/01/2016 00:00,452.02
08/01/2016 00:00,457
07/01/2016 00:00,429.99
06/01/2016 00:00,432.45
05/01/2016 00:00,434.17
04/01/2016 00:00,430.79
03/01/2016 00:00,433.2
02/01/2016 00:00,434.87
01/01/2016 00:00,430.89
31/12/2015 00:00,426.09
30/12/2015 00:00,431.7
29/12/2015 00:00,420.81
28/12/2015 00:00,421.57
27/12/2015 00:00,417.11
26/12/2015 00:00,455.51
25/12/2015 00:00,455.42
24/12/2015 00:00,442.5
23/12/2015 00:00,435.18
22/12/2015 00:00,438.07
21/12/2015 00:00,442.54
20/12/2015 00:00,461.8
19/12/2015 00:00,462.99
18/12/2015 00:00,455.87
17/12/2015 00:00,455.63
16/12/2015 00:00,464.5
15/12/2015 00:00,443.36
14/12/2015 00:00,432.89
13/12/2015 00:00,436.08
12/12/2015 00:00,452.99
11/12/2015 00:00,415.36
10/12/2015 00:00,416.98
09/12/2015 00:00,418.8
08/12/2015 00:00,394.96
07/12/2015 00:00,387.18
06/12/2015 00:00,388
05/12/2015 00:00,363.62
04/12/2015 00:00,361.48
03/12/2015 00:00,359.11
02/12/2015 00:00,363.06
01/12/2015 00:00,376.7
30/11/2015 00:00,371.48
29/11/2015 00:00,356.78
28/11/2015 00:00,357.14
27/11/2015 00:00,353.9
26/11/2015 00:00,328.9
25/11/2015 00:00,319.7
24/11/2015 00:00,323.48
23/11/2015 00:00,324.24
22/11/2015 00:00,326.5
21/11/2015 00:00,322.05
20/11/2015 00:00,326.51
19/11/2015 00:00,334.53
18/11/2015 00:00,336
17/11/2015 00:00,330.95
16/11/2015 00:00,319.3
15/11/2015 00:00,333.02
14/11/2015 00:00,336.28
13/11/2015 00:00,337.17
12/11/2015 00:00,309.9
11/11/2015 00:00,336.66
10/11/2015 00:00,378.32
09/11/2015 00:00,372.86
08/11/2015 00:00,384.62
07/11/2015 00:00,374.41
06/11/2015 00:00,387.77
05/11/2015 00:00,407.99
04/11/2015 00:00,404.55
03/11/2015 00:00,361.73
02/11/2015 00:00,325.78
01/11/2015 00:00,309.3
31/10/2015 00:00,328.15
30/10/2015 00:00,314.95
29/10/2015 00:00,304.77
28/10/2015 00:00,295.59
27/10/2015 00:00,286.9
26/10/2015 00:00,283.96
25/10/2015 00:00,283.03
24/10/2015 00:00,278.6
23/10/2015 00:00,275.12
22/10/2015 00:00,267.9
21/10/2015 00:00,270.3
20/10/2015 00:00,264.28
19/10/2015 00:00,260.99
18/10/2015 00:00,270.04
17/10/2015 00:00,263.09
16/10/2015 00:00,254.49
15/10/2015 00:00,252.47
14/10/2015 00:00,249.97
13/10/2015 00:00,245.81
12/10/2015 00:00,248.05
11/10/2015 00:00,245.71
10/10/2015 00:00,244.49
09/10/2015 00:00,243.29
08/10/2015 00:00,243.47
07/10/2015 00:00,246.79
06/10/2015 00:00,240.85
05/10/2015 00:00,238.6
04/10/2015 00:00,239.06
03/10/2015 00:00,237.77
02/10/2015 00:00,237.15
01/10/2015 00:00,236.19
30/09/2015 00:00,236.78
29/09/2015 00:00,239.14
28/09/2015 00:00,232.4
27/09/2015 00:00,233.81
26/09/2015 00:00,235.14
25/09/2015 00:00,233.88
24/09/2015 00:00,229.42
23/09/2015 00:00,230.08
22/09/2015 00:00,226.15
21/09/2015 00:00,230.29
20/09/2015 00:00,230.23
19/09/2015 00:00,232.82
18/09/2015 00:00,232.44
17/09/2015 00:00,227.85
16/09/2015 00:00,229.3
15/09/2015 00:00,229.51
14/09/2015 00:00,230.17
13/09/2015 00:00,235.61
12/09/2015 00:00,239.94
11/09/2015 00:00,238.5
10/09/2015 00:00,237.96
09/09/2015 00:00,244.04
08/09/2015 00:00,240.12
07/09/2015 00:00,240.45
06/09/2015 00:00,235.45
05/09/2015 00:00,231.09
04/09/2015 00:00,226.79
03/09/2015 00:00,228.77
02/09/2015 00:00,227.65
01/09/2015 00:00,229.84
31/08/2015 00:00,228.43
30/08/2015 00:00,229.23
29/08/2015 00:00,232.09
28/08/2015 00:00,223.8
27/08/2015 00:00,225.17
26/08/2015 00:00,221.64
25/08/2015 00:00,211.79
24/08/2015 00:00,228.47
23/08/2015 00:00,230.47
22/08/2015 00:00,233.27
21/08/2015 00:00,235.95
20/08/2015 00:00,227.1
19/08/2015 00:00,246
18/08/2015 00:00,256.66
17/08/2015 00:00,256.09
16/08/2015 00:00,261.03
15/08/2015 00:00,265.71
14/08/2015 00:00,264.65
13/08/2015 00:00,268.51
12/08/2015 00:00,270
11/08/2015 00:00,264.33
10/08/2015 00:00,265.36
09/08/2015 00:00,261.71
08/08/2015 00:00,279.01
07/08/2015 00:00,281.99
06/08/2015 00:00,281.99
05/08/2015 00:00,284.65
04/08/2015 00:00,282.72
03/08/2015 00:00,281.5
02/08/2015 00:00,280.77
01/08/2015 00:00,284.39
31/07/2015 00:00,287.73
30/07/2015 00:00,289.63
29/07/2015 00:00,293.84
28/07/2015 00:00,294.27
27/07/2015 00:00,292.84
26/07/2015 00:00,289.34
25/07/2015 00:00,289.96
24/07/2015 00:00,276.67
23/07/2015 00:00,277.93
22/07/2015 00:00,276.48
21/07/2015 00:00,277.73
20/07/2015 00:00,275.5
19/07/2015 00:00,276.73
18/07/2015 00:00,279.43
17/07/2015 00:00,278.27
16/07/2015 00:00,285.55
15/07/2015 00:00,287.96
14/07/2015 00:00,292
13/07/2015 00:00,310.24
12/07/2015 00:00,292.02
11/07/2015 00:00,286.61
10/07/2015 00:00,269.65
09/07/2015 00:00,269.39
08/07/2015 00:00,266.18
07/07/2015 00:00,269.47
06/07/2015 00:00,270.33
05/07/2015 00:00,260.74
04/07/2015 00:00,255.86
03/07/2015 00:00,254.69
02/07/2015 00:00,257.07
01/07/2015 00:00,264.13
30/06/2015 00:00,256.38
29/06/2015 00:00,248.9
28/06/2015 00:00,251.17
27/06/2015 00:00,243.2
26/06/2015 00:00,241.65
25/06/2015 00:00,240.69
24/06/2015 00:00,243.78
23/06/2015 00:00,247.09
22/06/2015 00:00,243.37
21/06/2015 00:00,244.69
20/06/2015 00:00,243.42
19/06/2015 00:00,248.09
18/06/2015 00:00,245.78
17/06/2015 00:00,248.75
16/06/2015 00:00,235.92
15/06/2015 00:00,231.77
14/06/2015 00:00,231.51
13/06/2015 00:00,229.61
12/06/2015 00:00,229.01
11/06/2015 00:00,227.51
10/06/2015 00:00,229.49
09/06/2015 00:00,228.11
08/06/2015 00:00,222.86
07/06/2015 00:00,224.36
06/06/2015 00:00,224.49
05/06/2015 00:00,222.37
04/06/2015 00:00,225.11
03/06/2015 00:00,224.78
02/06/2015 00:00,223.67
01/06/2015 00:00,229.08
31/05/2015 00:00,232.07
30/05/2015 00:00,236.02
29/05/2015 00:00,236.46
28/05/2015 00:00,235.34
27/05/2015 00:00,236.21
26/05/2015 00:00,235.48
25/05/2015 00:00,239.68
24/05/2015 00:00,237.71
23/05/2015 00:00,238.99
22/05/2015 00:00,235.49
21/05/2015 00:00,233.8
20/05/2015 00:00,231.69
19/05/2015 00:00,232.24
18/05/2015 00:00,236.05
17/05/2015 00:00,235.6
16/05/2015 00:00,237.12
15/05/2015 00:00,236.95
14/05/2015 00:00,236.9
13/05/2015 00:00,241.3
12/05/2015 00:00,240.06
11/05/2015 00:00,239.08
10/05/2015 00:00,241.4
09/05/2015 00:00,243.16
08/05/2015 00:00,236.82
07/05/2015 00:00,229.78
06/05/2015 00:00,234.37
05/05/2015 00:00,237.93
04/05/2015 00:00,239.18
03/05/2015 00:00,233.9
02/05/2015 00:00,231.96
01/05/2015 00:00,235.75
30/04/2015 00:00,225.49
29/04/2015 00:00,225.11
28/04/2015 00:00,226.01
27/04/2015 00:00,219.49
26/04/2015 00:00,226.28
25/04/2015 00:00,231.06
24/04/2015 00:00,235.14
23/04/2015 00:00,233
22/04/2015 00:00,234.13
21/04/2015 00:00,224.07
20/04/2015 00:00,222.89
19/04/2015 00:00,223.14
18/04/2015 00:00,221.86
17/04/2015 00:00,227.59
16/04/2015 00:00,221.51
15/04/2015 00:00,216.42
14/04/2015 00:00,222.87
13/04/2015 00:00,236.3
12/04/2015 00:00,237.34
11/04/2015 00:00,234.77
10/04/2015 00:00,243.53
09/04/2015 00:00,244.09
08/04/2015 00:00,254.45
07/04/2015 00:00,255.83
06/04/2015 00:00,260.5
05/04/2015 00:00,253.45
04/04/2015 00:00,253.79
03/04/2015 00:00,253.16
02/04/2015 00:00,245.98
01/04/2015 00:00,243.98
31/03/2015 00:00,247.69
30/03/2015 00:00,242.19
29/03/2015 00:00,252.31
28/03/2015 00:00,248.09
27/03/2015 00:00,249.46
26/03/2015 00:00,247.68
25/03/2015 00:00,246.93
24/03/2015 00:00,265.84
23/03/2015 00:00,269.39
22/03/2015 00:00,259.8
21/03/2015 00:00,262.09
20/03/2015 00:00,262.01
19/03/2015 00:00,257.29
18/03/2015 00:00,284.46
17/03/2015 00:00,289.7
16/03/2015 00:00,286.4
15/03/2015 00:00,282.7
14/03/2015 00:00,284.4
13/03/2015 00:00,295.56
12/03/2015 00:00,295.11
11/03/2015 00:00,290.24
10/03/2015 00:00,287
09/03/2015 00:00,274.89
08/03/2015 00:00,275.59
07/03/2015 00:00,273.26
06/03/2015 00:00,273.8
05/03/2015 00:00,269.83
04/03/2015 00:00,279
03/03/2015 00:00,274
02/03/2015 00:00,258.34
01/03/2015 00:00,253.47
28/02/2015 00:00,253.06
27/02/2015 00:00,236.7
26/02/2015 00:00,237.97
25/02/2015 00:00,239.94
24/02/2015 00:00,239.65
23/02/2015 00:00,236.68
22/02/2015 00:00,245.41
21/02/2015 00:00,245.48
20/02/2015 00:00,240.59
19/02/2015 00:00,237.37
18/02/2015 00:00,244.96
17/02/2015 00:00,236.55
16/02/2015 00:00,234.01
15/02/2015 00:00,256.99
14/02/2015 00:00,237
13/02/2015 00:00,223
12/02/2015 00:00,219.55
11/02/2015 00:00,220.95
10/02/2015 00:00,220.72
09/02/2015 00:00,224.19
08/02/2015 00:00,228.3
07/02/2015 00:00,223.37
06/02/2015 00:00,216.81
05/02/2015 00:00,227
04/02/2015 00:00,227.35
03/02/2015 00:00,237.97
02/02/2015 00:00,214.8
01/02/2015 00:00,217.98
31/01/2015 00:00,232.6
30/01/2015 00:00,234.75
29/01/2015 00:00,236.2
28/01/2015 00:00,262.99
27/01/2015 00:00,269.5
26/01/2015 00:00,253.09
25/01/2015 00:00,249.99
24/01/2015 00:00,233.03
23/01/2015 00:00,233
22/01/2015 00:00,228.59
21/01/2015 00:00,211.08
20/01/2015 00:00,217.84
19/01/2015 00:00,210.05
18/01/2015 00:00,200.1
17/01/2015 00:00,206.6
16/01/2015 00:00,214.77
15/01/2015 00:00,162
14/01/2015 00:00,221
13/01/2015 00:00,268.16
12/01/2015 00:00,270.4
11/01/2015 00:00,276.8
10/01/2015 00:00,276.8
09/01/2015 00:00,276.8
08/01/2015 00:00,276.8
07/01/2015 00:00,276.8
06/01/2015 00:00,276.8
05/01/2015 00:00,264.62
04/01/2015 00:00,286.01
03/01/2015 00:00,316.51
02/01/2015 00:00,316.31
01/01/2015 00:00,319.25
31/12/2014 00:00,311.94
30/12/2014 00:00,314.78
29/12/2014 00:00,316.63
28/12/2014 00:00,315.89
27/12/2014 00:00,330.97
26/12/2014 00:00,319
25/12/2014 00:00,320.92
24/12/2014 00:00,337
23/12/2014 00:00,330.52
22/12/2014 00:00,322.24
21/12/2014 00:00,332.58
20/12/2014 00:00,317.23
19/12/2014 00:00,310.48
18/12/2014 00:00,321.32
17/12/2014 00:00,331.56
16/12/2014 00:00,350.17
15/12/2014 00:00,350.17
14/12/2014 00:00,351.45
13/12/2014 00:00,354.48
12/12/2014 00:00,348.98
11/12/2014 00:00,348.13
10/12/2014 00:00,350.49
09/12/2014 00:00,364.61
08/12/2014 00:00,376.87
07/12/2014 00:00,375.07
06/12/2014 00:00,374.95
05/12/2014 00:00,365.2
04/12/2014 00:00,376.67
03/12/2014 00:00,379.25
02/12/2014 00:00,378.39
01/12/2014 00:00,376.4
30/11/2014 00:00,376.57
29/11/2014 00:00,376.42
28/11/2014 00:00,363.59
